1;Sujet de la question;Question à traiter;1.png
2;Sujet de la question;Question à traiter;2.png
3;Sujet de la question;Question à traiter;3.png
4;Sujet de la question;Question à traiter;4.png
5;Sujet de la question;Question à traiter;5.png
6;Sujet de la question;Question à traiter;6.png
7;Sujet de la question;Question à traiter;default.png
8;Sujet de la question;Question à traiter;default.png
9;Sujet de la question;Question à traiter;default.png
10;Sujet de la question;Question à traiter;default.png
11;Sujet de la question;Question à traiter;default.png
12;Sujet de la question;Question à traiter;default.png